{
  "hash": "ae153acd",
  "configHash": "4632603c",
  "lockfileHash": "bbc6d9e2",
  "browserHash": "cda28278",
  "optimized": {
    "@angular/core": {
      "src": "../../../../../node_modules/@angular/core/fesm2022/core.mjs",
      "file": "@angular_core.js",
      "fileHash": "68a44ac6",
      "needsInterop": false
    },
    "@angular/platform-browser": {
      "src": "../../../../../node_modules/@angular/platform-browser/fesm2022/platform-browser.mjs",
      "file": "@angular_platform-browser.js",
      "fileHash": "9389bdff",
      "needsInterop": false
    },
    "@angular/router": {
      "src": "../../../../../node_modules/@angular/router/fesm2022/router.mjs",
      "file": "@angular_router.js",
      "fileHash": "2935c3c8",
      "needsInterop": false
    },
    "@angular/common": {
      "src": "../../../../../node_modules/@angular/common/fesm2022/common.mjs",
      "file": "@angular_common.js",
      "fileHash": "d364bc18",
      "needsInterop": false
    },
    "@angular/forms": {
      "src": "../../../../../node_modules/@angular/forms/fesm2022/forms.mjs",
      "file": "@angular_forms.js",
      "fileHash": "f407bdee",
      "needsInterop": false
    },
    "ng-apexcharts": {
      "src": "../../../../../node_modules/ng-apexcharts/fesm2020/ng-apexcharts.mjs",
      "file": "ng-apexcharts.js",
      "fileHash": "ad0ec632",
      "needsInterop": false
    },
    "rxjs": {
      "src": "../../../../../node_modules/rxjs/dist/esm5/index.js",
      "file": "rxjs.js",
      "fileHash": "b319cd09",
      "needsInterop": false
    },
    "@angular/common/http": {
      "src": "../../../../../node_modules/@angular/common/fesm2022/http.mjs",
      "file": "@angular_common_http.js",
      "fileHash": "d75bb521",
      "needsInterop": false
    },
    "socket.io-client": {
      "src": "../../../../../node_modules/socket.io-client/build/esm/index.js",
      "file": "socket__io-client.js",
      "fileHash": "7b66f9f4",
      "needsInterop": false
    }
  },
  "chunks": {
    "chunk-JHH35C6S": {
      "file": "chunk-JHH35C6S.js"
    },
    "chunk-5EI7ZIGM": {
      "file": "chunk-5EI7ZIGM.js"
    },
    "chunk-ZNAA6CDE": {
      "file": "chunk-ZNAA6CDE.js"
    },
    "chunk-IYL3XEJ3": {
      "file": "chunk-IYL3XEJ3.js"
    },
    "chunk-E5ECCKE6": {
      "file": "chunk-E5ECCKE6.js"
    },
    "chunk-4MWRP73S": {
      "file": "chunk-4MWRP73S.js"
    }
  }
}